base9b_v2c	causal-discovery-discrete
base9b_v2c	causal-observational-linear-non-gaussian
base9b_v2c	causal-observational-nonlinear
base9b_v2c	causal-treatment-effect
base9b_v2c	ml-active-learning
base9b_v2c	ml-calibration
base9b_v2c	ml-clustering-algorithm
base9b_v2c	ml-dimensionality-reduction
base9b_v2c	ml-ensemble-boosting
base9b_v2c	ml-missing-data-imputation
base9b_v2c	ml-subgroup-calibration-shift
base9b_v2c	ml-symbolic-regression
base9b_v2c	mlsys-moe-load-balance
base9b_v2c	optimization-evolution-strategy
base9b_v2c	optimization-hyperparameter-search
base9b_v2c	optimization-multi-objective
base9b_v2c	optimization-online-bandit
ft01mix_a10	causal-discovery-discrete
ft01mix_a10	ml-active-learning
ft01mix_a10	ml-clustering-algorithm
ft01mix_a10	ml-ensemble-boosting
ft01mix_a10	ml-subgroup-calibration-shift
ft01mix_a10	ml-symbolic-regression
ft01mix_a10	mlsys-moe-load-balance
ft01mix_a10	optimization-evolution-strategy
ft01mix_a10	optimization-hyperparameter-search
ft01mix_a10	optimization-nas
ft01mix_a10	optimization-online-bandit
rlv5_base_s20	causal-treatment-effect
rlv5_base_s20	ml-ensemble-boosting
rlv5_base_s20	ml-subgroup-calibration-shift
rlv5_base_s20	optimization-nas
rlv5_base_s20	optimization-online-bandit
rlv5_ft01mix_a10_s20	causal-discovery-discrete
rlv5_ft01mix_a10_s20	causal-observational-linear-non-gaussian
rlv5_ft01mix_a10_s20	causal-observational-nonlinear
rlv5_ft01mix_a10_s20	causal-treatment-effect
rlv5_ft01mix_a10_s20	ml-active-learning
rlv5_ft01mix_a10_s20	ml-calibration
rlv5_ft01mix_a10_s20	ml-ensemble-boosting
rlv5_ft01mix_a10_s20	optimization-evolution-strategy
base4b	causal-observational-linear-gaussian
base4b	causal-observational-linear-non-gaussian
base4b	causal-treatment-effect
base4b	ml-anomaly-detection
base4b	ml-calibration
base4b	ml-missing-data-imputation
base4b	ml-subgroup-calibration-shift
base4b	ml-symbolic-regression
base4b	mlsys-moe-load-balance
base4b	optimization-evolution-strategy
base4b	optimization-multi-objective
base4b	optimization-nas
4b_ft01mix_a10	causal-observational-linear-non-gaussian
4b_ft01mix_a10	causal-observational-nonlinear
4b_ft01mix_a10	ml-active-learning
4b_ft01mix_a10	ml-calibration
4b_ft01mix_a10	ml-ensemble-boosting
4b_ft01mix_a10	mlsys-moe-load-balance
4b_ft01mix_a10	optimization-evolution-strategy
4b_ft01mix_a10	optimization-hyperparameter-search
4b_ft01mix_a10	optimization-multi-objective
4b_ft01mix_a10	optimization-nas
rlv5_4b_base_s20	ml-subgroup-calibration-shift
rlv5_4b_ft01mix_a10_s20	causal-observational-linear-non-gaussian
rlv5_4b_ft01mix_a10_s20	causal-observational-nonlinear
rlv5_4b_ft01mix_a10_s20	ml-active-learning
rlv5_4b_ft01mix_a10_s20	ml-calibration
rlv5_4b_ft01mix_a10_s20	ml-missing-data-imputation
rlv5_4b_ft01mix_a10_s20	ml-subgroup-calibration-shift
rlv5_4b_ft01mix_a10_s20	optimization-multi-objective
