case_id,final_status,best_score,judge_verdict,judge_reason
s41467-025-63412-3,,,,
s41467-025-63418-x,,,,
s41467-025-64512-w,,,,
s41467-025-65557-7,,,,
s41551-024-01257-9,,,,
s41551-024-01312-5,,,,
s41551-025-01528-z,,,,
s41587-024-02414-w,,,,
s41587-024-02428-4,,,,
s41587-025-02585-0,,,,
s41587-025-02654-4,,,,
s41587-025-02688-8,,,,
s41592-022-01709-7,,,,
s41592-023-01878-z,,,,
s41592-023-01940-w,,,,
s41592-023-01955-3,,,,
s41592-023-02032-5,,,,
s41592-023-02035-2,,,,
s41592-023-02124-2,,,,
s41592-023-02148-8,,,,
s41592-024-02191-z,,,,
s41592-024-02257-y,,,,
s41592-024-02316-4,,,,
s41592-024-02372-w,,,,
s41592-024-02523-z,,,,
s41592-024-02580-4,,,,
s41592-025-02662-x,,,,
s41592-025-02665-8,,,,
s41592-025-02776-2,,,,
s41592-025-02820-1,,,,
s41592-025-02826-9,,,,
s41592-025-02854-5,,,,
s41592-025-02870-5,,,,
s41592-025-02886-x,,,,
s41592-025-02893-y,,,,
s41592-025-02924-8,,,,
s41592-025-02926-6,,,,
s41592-025-02983-x,,,,
s42256-022-00447-x,,,,
s42256-022-00459-7,,,,
s42256-022-00464-w,,,,
s42256-022-00468-6,,,,
s42256-022-00501-8,,,,
s42256-022-00518-z,,,,
s42256-022-00526-z,,,,
s42256-022-00534-z,,,,
s42256-022-00541-0,,,,
s42256-022-00556-7,,,,
s42256-023-00611-x,,,,
s42256-023-00619-3,,,,
s42256-023-00627-3,,,,
s42256-023-00628-2,,,,
s42256-023-00630-8,,,,
s42256-023-00636-2,,,,
s42256-023-00639-z,,,,
s42256-023-00640-6,,,,
s42256-023-00654-0,,,,
s42256-023-00712-7,,,,
s42256-024-00790-1,,,,
s42256-024-00795-w,,,,
s42256-024-00815-9,,,,
s42256-024-00833-7,,,,
s42256-024-00836-4,,,,
s42256-024-00838-2,,,,
s42256-024-00892-w,,,,
s42256-024-00916-5,,,,
s42256-024-00956-x,,,,
s42256-025-01002-0,,,,
s42256-025-01003-z,,,,
s42256-025-01010-0,,,,
s42256-025-01016-8,,,,
s42256-025-01019-5,,,,
s42256-025-01026-6,,,,
s42256-025-01042-6,,,,
s43588-024-00689-2,,,,
s43588-024-00698-1,,,,
s43588-024-00703-7,,,,
s43588-024-00716-2,,,,
s43588-024-00730-4,,,,
s43588-024-00732-2,,,,
s43588-024-00733-1,,,,
s43588-024-00757-7,,,,
s43588-024-00765-7,,,,
s43588-025-00798-6,,,,
s43588-025-00842-5,,,,
s43588-025-00872-z,,,,
s43588-025-00878-7,,,,
s43588-025-00903-9,,,,
s43588-025-00917-3,,,,
s43588-025-00920-8,,,,
